Employee_ID,Age,Gender,Education,Experience,Job_Role,City,Salary
1,59,Female,PhD,27,Manager,Chennai,1981567
2,49,Male,PhD,13,Software Engineer,Chennai,1236748
3,35,Male,Master,23,HR,Pune,1650886
4,28,Female,Master,9,Software Engineer,Chennai,858816
5,41,Male,Master,15,Tester,Bangalore,1290824
6,59,Male,PhD,15,Software Engineer,Chennai,1324432
7,39,Female,Master,21,Tester,Bangalore,1543617
8,43,Male,Bachelor,9,Tester,Bangalore,987373
9,31,Male,Bachelor,24,Tester,Pune,1639217
10,31,Female,PhD,12,HR,Hyderabad,1025884
11,44,Female,PhD,5,Software Engineer,Hyderabad,725454
12,56,Male,Master,11,Software Engineer,Pune,1154960
13,44,Male,PhD,8,HR,Chennai,913618
14,23,Female,PhD,12,Manager,Pune,1048948
15,42,Female,Bachelor,3,Data Analyst,Bangalore,672671
16,22,Male,Bachelor,23,Software Engineer,Hyderabad,1557111
17,44,Female,Master,10,Data Analyst,Pune,1009613
18,50,Male,PhD,19,HR,Chennai,1535678
19,58,Male,PhD,17,Manager,Pune,1449993
20,22,Male,Bachelor,25,Manager,Hyderabad,1618848
21,41,Male,PhD,10,Manager,Pune,1033672
22,53,Male,Bachelor,24,HR,Pune,1781125
23,32,Female,Master,20,Tester,Hyderabad,1496444
24,42,Female,Bachelor,3,Tester,Bangalore,671602
25,45,Female,PhD,17,Data Analyst,Bangalore,1397045
26,47,Female,Master,0,Tester,Hyderabad,527222
27,48,Male,Bachelor,26,Tester,Pune,1839223
28,36,Male,Bachelor,6,Manager,Hyderabad,795333
29,35,Male,Master,5,Manager,Bangalore,727732
30,23,Male,Master,14,Data Analyst,Chennai,1114420
31,57,Female,Bachelor,17,Software Engineer,Pune,1460504
32,27,Male,PhD,23,Data Analyst,Bangalore,1537462
33,41,Male,Bachelor,10,Data Analyst,Pune,964460
34,29,Female,Master,19,HR,Hyderabad,1444319
35,59,Female,Bachelor,23,HR,Chennai,1704275
36,38,Female,Master,14,Data Analyst,Hyderabad,1234213
37,24,Female,Master,15,Data Analyst,Chennai,1133269
38,45,Male,PhD,6,Data Analyst,Pune,840942
39,34,Male,Master,20,Tester,Pune,1492920
40,29,Female,Master,9,HR,Hyderabad,867553
41,46,Male,PhD,25,Data Analyst,Chennai,1754366
42,22,Male,Master,11,Manager,Chennai,954036
43,40,Male,PhD,23,Manager,Pune,1617369
44,48,Female,PhD,13,Tester,Hyderabad,1151795
45,27,Male,Master,24,Tester,Chennai,1655021
46,28,Female,Master,4,Software Engineer,Pune,658154
47,55,Male,Bachelor,25,Software Engineer,Bangalore,1805143
48,34,Male,PhD,20,Software Engineer,Hyderabad,1449425
49,37,Male,Bachelor,17,Tester,Bangalore,1373209
50,56,Female,Master,4,Tester,Hyderabad,805139
51,24,Male,Bachelor,2,Tester,Pune,475368
52,22,Female,PhD,22,Manager,Chennai,1464621
53,26,Female,Bachelor,25,Tester,Chennai,1688829
54,24,Female,PhD,4,Manager,Chennai,630294
55,49,Male,Master,23,Software Engineer,Hyderabad,1659719
56,38,Male,Master,16,Software Engineer,Pune,1269227
57,46,Male,PhD,18,Software Engineer,Bangalore,1387566
58,54,Male,Master,18,Data Analyst,Pune,1432306
59,30,Female,Master,24,Data Analyst,Bangalore,1653822
60,56,Female,Master,20,HR,Hyderabad,1554042
61,34,Female,Master,11,HR,Hyderabad,985086
62,51,Male,PhD,24,HR,Bangalore,1722387
63,35,Female,Bachelor,28,Data Analyst,Bangalore,1852042
64,28,Male,Bachelor,8,Data Analyst,Bangalore,879424
65,34,Female,Master,0,HR,Pune,471618
66,43,Male,Bachelor,17,HR,Bangalore,1407050
67,41,Male,Bachelor,20,Tester,Hyderabad,1473323
68,36,Female,Master,3,HR,Hyderabad,598019
69,38,Female,Master,9,Tester,Chennai,965426
70,44,Female,Bachelor,24,Manager,Bangalore,1710863
71,46,Female,PhD,6,Data Analyst,Pune,790283
72,45,Male,Master,21,HR,Pune,1543279
73,49,Female,PhD,22,Data Analyst,Pune,1641999
74,35,Female,Bachelor,0,Data Analyst,Chennai,487780
75,21,Female,Master,16,Data Analyst,Hyderabad,1177908
76,45,Male,PhD,23,Manager,Pune,1686584
77,27,Male,Master,28,Software Engineer,Hyderabad,1835225
78,29,Female,Bachelor,28,HR,Chennai,1832952
79,44,Male,PhD,1,Software Engineer,Bangalore,557663
80,21,Female,Bachelor,27,Software Engineer,Bangalore,1766381
81,28,Male,Bachelor,25,Software Engineer,Bangalore,1687929
82,44,Male,Master,10,Data Analyst,Pune,979343
83,31,Male,PhD,8,Tester,Bangalore,881173
84,37,Male,Bachelor,6,Data Analyst,Pune,774791
85,28,Female,Bachelor,21,Data Analyst,Chennai,1469134
86,55,Female,PhD,16,Software Engineer,Chennai,1372101
87,55,Female,Bachelor,16,Data Analyst,Pune,1394443
88,53,Male,Bachelor,1,Software Engineer,Hyderabad,664111
89,25,Female,PhD,5,Tester,Bangalore,682530
90,59,Female,PhD,13,HR,Bangalore,1241799
91,48,Female,PhD,5,Software Engineer,Bangalore,744827
92,27,Male,PhD,1,Tester,Pune,531143
93,29,Male,Master,0,HR,Chennai,457653
94,28,Male,PhD,9,Manager,Bangalore,853699
95,32,Female,Master,20,Software Engineer,Chennai,1501419
96,54,Female,Master,4,Software Engineer,Bangalore,725313
97,53,Female,Master,1,Manager,Bangalore,578598
98,43,Male,Bachelor,21,Manager,Pune,1543807
99,44,Male,Master,15,Software Engineer,Hyderabad,1290423
100,57,Female,Master,24,Manager,Pune,1804390
101,55,Male,Bachelor,1,Data Analyst,Bangalore,620226
102,42,Male,Bachelor,9,HR,Bangalore,969550
103,47,Male,Bachelor,1,HR,Hyderabad,615072
104,55,Male,PhD,15,HR,Chennai,1278558
105,21,Female,Bachelor,15,Data Analyst,Chennai,1180308
106,55,Male,Bachelor,18,Manager,Bangalore,1475113
107,57,Male,Master,28,Tester,Chennai,1987999
108,34,Male,Bachelor,6,Manager,Bangalore,775878
109,23,Male,PhD,21,Software Engineer,Hyderabad,1451343
110,21,Female,Bachelor,11,HR,Hyderabad,963219
111,25,Female,PhD,23,Manager,Bangalore,1560186
112,46,Male,Bachelor,14,Tester,Hyderabad,1216966
113,34,Male,Bachelor,7,Software Engineer,Pune,803769
114,59,Male,Bachelor,5,Data Analyst,Pune,848218
115,47,Male,Bachelor,27,Data Analyst,Hyderabad,1854229
116,29,Male,PhD,26,Tester,Bangalore,1770209
117,35,Male,PhD,9,Software Engineer,Bangalore,902877
118,35,Female,Master,2,HR,Hyderabad,583001
119,46,Male,PhD,18,Manager,Chennai,1477137
120,33,Female,Bachelor,16,Software Engineer,Pune,1253084
121,52,Female,Master,6,Data Analyst,Chennai,891780
122,59,Male,Master,20,Tester,Bangalore,1637892
123,52,Female,Master,19,Tester,Bangalore,1476806
124,24,Female,Bachelor,25,Manager,Chennai,1708635
125,50,Female,PhD,3,Tester,Hyderabad,687034
126,57,Female,Bachelor,13,Tester,Chennai,1225317
127,43,Female,Master,19,Software Engineer,Chennai,1470468
128,59,Female,Bachelor,21,HR,Pune,1614094
129,35,Male,Bachelor,14,Manager,Pune,1182796
130,49,Female,PhD,23,Software Engineer,Chennai,1655589
131,56,Female,PhD,7,HR,Chennai,937221
132,33,Female,Master,20,Software Engineer,Bangalore,1416657
133,52,Male,Bachelor,14,Software Engineer,Pune,1308300
134,27,Female,Bachelor,21,Tester,Pune,1474531
135,42,Male,PhD,19,HR,Bangalore,1462227
136,48,Female,Bachelor,27,Manager,Hyderabad,1843164
137,22,Male,Bachelor,13,Manager,Pune,1103078
138,26,Male,Bachelor,26,HR,Pune,1763973
139,48,Female,PhD,28,Tester,Hyderabad,1931247
140,48,Female,Master,8,Data Analyst,Pune,909601
141,40,Male,Master,7,Software Engineer,Pune,893966
142,50,Female,Bachelor,25,Tester,Hyderabad,1800599
143,31,Male,Master,27,HR,Hyderabad,1826545
144,48,Male,PhD,25,Software Engineer,Chennai,1744552
145,45,Male,PhD,16,Manager,Bangalore,1284417
146,59,Male,Master,1,Data Analyst,Bangalore,653579
147,53,Male,Master,24,Manager,Hyderabad,1783207
148,21,Female,Bachelor,23,HR,Hyderabad,1577055
149,47,Male,Master,29,Software Engineer,Pune,2013270
150,33,Male,Bachelor,2,HR,Chennai,518722
151,23,Female,Bachelor,7,Software Engineer,Chennai,785442
152,59,Male,PhD,11,Tester,Hyderabad,1190632
153,26,Female,PhD,0,Data Analyst,Pune,420031
154,28,Female,PhD,9,Tester,Pune,919235
155,47,Female,PhD,19,Tester,Bangalore,1456438
156,29,Male,Master,2,HR,Bangalore,553819
157,57,Male,PhD,5,Data Analyst,Pune,828856
158,53,Male,Master,6,Software Engineer,Bangalore,848576
159,44,Female,PhD,19,Software Engineer,Hyderabad,1461938
160,35,Male,Master,22,Manager,Pune,1574028
161,52,Female,Bachelor,24,Software Engineer,Bangalore,1769807
162,52,Male,Master,26,HR,Chennai,1859877
163,44,Female,Master,17,Tester,Pune,1417783
164,32,Male,PhD,10,Tester,Pune,953461
165,59,Male,Master,18,Tester,Chennai,1538474
166,22,Male,Bachelor,4,Data Analyst,Hyderabad,600469
167,23,Female,Bachelor,18,Software Engineer,Chennai,1348136
168,57,Female,PhD,10,HR,Pune,1055435
169,37,Male,Bachelor,23,Data Analyst,Hyderabad,1669117
170,22,Male,Master,11,Manager,Bangalore,924191
171,22,Female,Bachelor,9,HR,Bangalore,894726
172,48,Female,PhD,7,HR,Bangalore,867386
173,43,Female,Master,23,HR,Pune,1646721
174,57,Male,PhD,27,Tester,Chennai,1939786
175,52,Female,Master,27,HR,Hyderabad,1873704
176,53,Male,Bachelor,8,Software Engineer,Bangalore,971635
177,21,Female,PhD,3,HR,Hyderabad,507123
178,39,Male,PhD,4,Tester,Pune,735710
179,22,Female,Master,20,HR,Bangalore,1422993
180,46,Female,PhD,7,Manager,Pune,910122
181,52,Female,Master,22,Manager,Chennai,1707512
182,26,Female,Master,8,Tester,Pune,805416
183,52,Female,Master,14,Software Engineer,Pune,1211814
184,24,Male,Master,14,Software Engineer,Chennai,1148537
185,31,Female,Bachelor,15,Data Analyst,Hyderabad,1205258
186,37,Female,Master,13,Tester,Chennai,1101508
187,58,Female,PhD,7,HR,Chennai,975166
188,44,Male,Bachelor,17,Tester,Pune,1398916
189,25,Female,PhD,9,Data Analyst,Hyderabad,860699
190,54,Male,Bachelor,27,Tester,Bangalore,1916335
191,26,Female,Master,19,Tester,Chennai,1376806
192,42,Female,Bachelor,5,Data Analyst,Hyderabad,787853
193,31,Male,Bachelor,11,Software Engineer,Chennai,1018768
194,36,Female,PhD,1,HR,Chennai,515739
195,53,Male,PhD,6,Data Analyst,Chennai,849785
196,29,Male,Master,15,Manager,Chennai,1176980
197,26,Female,Bachelor,2,Software Engineer,Pune,569335
198,36,Male,Bachelor,12,Manager,Hyderabad,1124702
199,49,Female,Bachelor,2,Software Engineer,Hyderabad,680016
200,23,Female,Master,26,HR,Hyderabad,1666609
201,40,Male,Master,17,HR,Chennai,1366253
202,56,Male,Master,10,Tester,Pune,1115481
203,39,Male,Master,7,Manager,Chennai,886128
204,46,Male,Master,5,Software Engineer,Chennai,758141
205,23,Female,PhD,0,HR,Hyderabad,395009
206,39,Female,Bachelor,27,Data Analyst,Chennai,1801782
207,40,Male,Bachelor,0,HR,Bangalore,542072
208,52,Female,Bachelor,22,Data Analyst,Chennai,1709352
209,27,Female,Bachelor,7,Software Engineer,Bangalore,760933
210,53,Female,Bachelor,4,HR,Chennai,792154
211,59,Female,Bachelor,27,HR,Pune,1903307
212,38,Male,Bachelor,15,Software Engineer,Pune,1282207
213,21,Male,Bachelor,10,HR,Hyderabad,930874
214,31,Female,PhD,4,Data Analyst,Chennai,643346
215,48,Male,Bachelor,3,HR,Bangalore,690772
216,45,Male,PhD,29,Manager,Bangalore,1997084
217,43,Male,Master,5,Tester,Chennai,755149
218,51,Female,Bachelor,13,Data Analyst,Bangalore,1241700
219,50,Female,Master,21,Manager,Pune,1577526
220,55,Female,Master,18,Software Engineer,Bangalore,1521758
221,27,Male,Master,8,Data Analyst,Hyderabad,870712
222,36,Female,PhD,11,Tester,Pune,1048477
223,46,Female,Master,10,Tester,Pune,985695
224,22,Male,Master,13,Software Engineer,Pune,1049169
225,21,Female,Master,22,Software Engineer,Chennai,1502947
226,32,Female,Bachelor,15,Data Analyst,Chennai,1207224
227,25,Male,Bachelor,0,HR,Pune,420865
228,57,Male,PhD,12,Software Engineer,Chennai,1160553
229,52,Male,PhD,22,HR,Bangalore,1670410
230,29,Female,Bachelor,20,Manager,Chennai,1485895
231,55,Female,PhD,20,Tester,Chennai,1549816
232,39,Female,Bachelor,29,HR,Pune,1950026
233,36,Male,Master,12,Tester,Hyderabad,1080705
234,23,Male,Master,1,HR,Hyderabad,476922
235,40,Female,PhD,3,Manager,Hyderabad,673914
236,44,Female,Bachelor,27,Software Engineer,Bangalore,1821881
237,53,Male,Bachelor,5,Manager,Chennai,804567
238,44,Male,PhD,25,Software Engineer,Hyderabad,1767365
239,31,Male,Bachelor,26,Software Engineer,Pune,1784211
240,28,Male,Master,22,Tester,Hyderabad,1560122
241,56,Female,PhD,26,Manager,Hyderabad,1855006
242,58,Male,PhD,4,HR,Chennai,781198
243,40,Female,Bachelor,24,Manager,Chennai,1672831
244,55,Female,PhD,2,Tester,Chennai,641459
245,45,Female,Bachelor,0,Software Engineer,Bangalore,507443
246,55,Male,Bachelor,3,Tester,Bangalore,717316
247,45,Male,Bachelor,24,Data Analyst,Hyderabad,1771131
248,49,Male,Bachelor,19,Data Analyst,Chennai,1509486
249,38,Male,Bachelor,1,HR,Hyderabad,495877
250,38,Female,PhD,25,Tester,Pune,1729553
251,22,Male,Master,29,HR,Pune,1814922
252,55,Male,Master,29,HR,Chennai,1979686
253,36,Female,PhD,4,Data Analyst,Chennai,662766
254,56,Male,PhD,2,HR,Pune,709943
255,53,Female,Master,28,Data Analyst,Chennai,1947006
256,24,Female,Master,27,Software Engineer,Bangalore,1751422
257,53,Female,Master,28,Tester,Bangalore,1927205
258,34,Female,Master,8,HR,Chennai,906590
259,41,Female,Master,19,Data Analyst,Pune,1428527
260,40,Female,Bachelor,5,Manager,Hyderabad,718443
261,28,Female,PhD,17,HR,Chennai,1256524
262,27,Female,Bachelor,5,Software Engineer,Chennai,663202
263,23,Male,Master,18,Software Engineer,Hyderabad,1330552
264,37,Male,Master,27,Manager,Chennai,1831142
265,53,Male,Master,11,Data Analyst,Hyderabad,1126692
266,32,Male,Bachelor,24,HR,Pune,1692384
267,42,Female,Bachelor,10,Data Analyst,Bangalore,980855
268,42,Male,Master,1,Software Engineer,Pune,593747
269,50,Female,Bachelor,14,Data Analyst,Bangalore,1260372
270,58,Male,Bachelor,11,Software Engineer,Hyderabad,1115095
271,58,Male,Master,11,Data Analyst,Bangalore,1128724
272,28,Male,Bachelor,8,Manager,Pune,839241
273,47,Female,PhD,20,Tester,Bangalore,1537003
274,47,Male,PhD,23,Manager,Hyderabad,1703379
275,54,Female,PhD,1,Manager,Bangalore,664837
276,41,Female,PhD,21,Tester,Chennai,1596996
277,50,Male,Master,2,Tester,Pune,697454
278,53,Male,Master,11,HR,Chennai,1159283
279,48,Male,Master,27,HR,Hyderabad,1855972
280,53,Female,PhD,29,Manager,Bangalore,2058846
281,25,Male,PhD,25,Manager,Chennai,1647927
282,39,Female,Bachelor,15,Software Engineer,Chennai,1261630
283,24,Female,Bachelor,20,Software Engineer,Bangalore,1422347
284,55,Male,PhD,27,HR,Bangalore,1974708
285,37,Male,PhD,23,HR,Pune,1673860
286,48,Female,PhD,25,Software Engineer,Chennai,1826210
287,50,Female,PhD,29,Software Engineer,Chennai,2019518
288,49,Female,Bachelor,0,Data Analyst,Hyderabad,540283
289,26,Male,PhD,20,Data Analyst,Pune,1461326
290,55,Female,Bachelor,2,Software Engineer,Hyderabad,637205
291,57,Male,PhD,19,Data Analyst,Chennai,1574874
292,44,Female,PhD,1,Tester,Hyderabad,532748
293,49,Female,PhD,8,HR,Chennai,916097
294,51,Male,Bachelor,18,HR,Chennai,1408092
295,55,Female,Bachelor,14,Software Engineer,Hyderabad,1278311
296,53,Male,Master,17,Manager,Hyderabad,1387692
297,41,Male,PhD,25,Software Engineer,Bangalore,1728862
298,52,Female,Master,10,Data Analyst,Bangalore,1100396
299,43,Male,Master,24,Manager,Bangalore,1744507
300,53,Male,Bachelor,22,Data Analyst,Chennai,1695152
301,23,Female,Bachelor,15,Tester,Hyderabad,1185469
302,38,Male,Master,21,Data Analyst,Pune,1494926
303,45,Male,PhD,16,Tester,Chennai,1366299
304,51,Male,Bachelor,4,Tester,Pune,708969
305,23,Female,PhD,11,Data Analyst,Hyderabad,950733
306,44,Male,PhD,10,Data Analyst,Chennai,1039855
307,52,Female,Master,29,Tester,Pune,2001743
308,42,Female,Master,14,Manager,Pune,1199876
309,43,Male,Master,26,Tester,Bangalore,1785323
310,22,Male,Master,2,HR,Bangalore,476428
311,47,Male,Bachelor,0,Tester,Bangalore,519578
312,22,Female,Bachelor,19,Manager,Chennai,1396486
313,46,Male,Master,28,HR,Hyderabad,1944140
314,37,Male,Bachelor,15,Software Engineer,Hyderabad,1268829
315,53,Male,Master,1,Software Engineer,Bangalore,571364
316,29,Male,PhD,1,Manager,Bangalore,480349
317,59,Male,PhD,2,Tester,Bangalore,645691
318,49,Female,PhD,7,Data Analyst,Pune,940598
319,46,Female,Master,23,Manager,Bangalore,1696467
320,55,Male,PhD,27,HR,Pune,1920896
321,45,Male,Bachelor,14,HR,Hyderabad,1232062
322,44,Male,PhD,6,Software Engineer,Chennai,867266
323,33,Male,PhD,5,HR,Chennai,744762
324,27,Female,PhD,8,Manager,Chennai,798861
325,56,Male,Bachelor,19,HR,Chennai,1576837
326,40,Female,Master,27,Manager,Pune,1888302
327,21,Female,Bachelor,0,Data Analyst,Pune,418928
328,28,Male,Master,7,Software Engineer,Bangalore,823231
329,36,Female,Master,22,HR,Pune,1571347
330,34,Female,PhD,22,Manager,Bangalore,1523121
331,32,Female,Master,2,Tester,Bangalore,593793
332,43,Female,Bachelor,3,Software Engineer,Chennai,643164
333,35,Male,Bachelor,25,Data Analyst,Pune,1700491
334,48,Male,Master,24,Manager,Pune,1749222
335,54,Female,PhD,14,Data Analyst,Bangalore,1243165
336,22,Male,PhD,5,Data Analyst,Bangalore,613748
337,52,Male,Bachelor,14,HR,Hyderabad,1308581
338,43,Male,PhD,20,HR,Hyderabad,1491553
339,42,Male,Master,2,Manager,Bangalore,620380
340,45,Male,Master,24,Tester,Hyderabad,1719331
341,42,Female,Bachelor,20,Manager,Hyderabad,1556033
342,42,Male,Master,20,Tester,Bangalore,1556844
343,26,Male,Bachelor,13,Data Analyst,Bangalore,1069560
344,35,Male,Master,19,Software Engineer,Pune,1428865
345,57,Male,Bachelor,13,Manager,Bangalore,1231686
346,53,Female,PhD,3,Manager,Bangalore,740910
347,28,Female,Master,11,Tester,Chennai,944675
348,25,Female,Master,16,Data Analyst,Pune,1241706
349,59,Female,Bachelor,6,Data Analyst,Pune,922986
350,24,Male,Bachelor,8,Tester,Pune,846216
351,26,Female,Master,2,Data Analyst,Chennai,490068
352,52,Male,Bachelor,27,HR,Bangalore,1914460
353,50,Male,Master,12,Software Engineer,Pune,1146418
354,55,Male,PhD,14,Manager,Pune,1251206
355,36,Male,Bachelor,17,Software Engineer,Hyderabad,1280287
356,33,Male,Master,18,Manager,Pune,1337337
357,50,Female,PhD,0,HR,Bangalore,520666
358,39,Female,PhD,5,Data Analyst,Bangalore,696161
359,37,Female,Master,26,Tester,Hyderabad,1825071
360,39,Female,Bachelor,26,HR,Pune,1843064
361,48,Male,Master,22,Software Engineer,Pune,1628751
362,46,Female,PhD,26,Tester,Pune,1862063
363,57,Male,Master,26,Data Analyst,Chennai,1924389
364,46,Female,Bachelor,1,HR,Pune,544758
365,43,Male,PhD,23,Tester,Bangalore,1680780
366,29,Male,Master,13,HR,Bangalore,1048178
367,32,Female,Bachelor,5,HR,Chennai,691831
368,21,Male,PhD,13,Data Analyst,Chennai,1007176
369,21,Male,Bachelor,3,Manager,Pune,538654
370,54,Female,PhD,20,Tester,Hyderabad,1546627
371,52,Male,Master,7,Data Analyst,Chennai,912550
372,45,Female,Bachelor,29,HR,Chennai,1969910
373,21,Female,PhD,2,Data Analyst,Pune,545417
374,36,Female,Bachelor,18,Manager,Pune,1388251
375,59,Male,Bachelor,29,Tester,Chennai,2030422
376,25,Male,Master,13,Manager,Hyderabad,1036984
377,42,Male,Bachelor,26,Software Engineer,Chennai,1849312
378,49,Female,PhD,19,Tester,Pune,1506386
379,23,Male,PhD,16,Manager,Pune,1248291
380,32,Female,PhD,24,HR,Chennai,1617135
381,46,Female,PhD,7,Tester,Hyderabad,830320
382,36,Male,Master,23,Tester,Chennai,1674171
383,57,Female,Bachelor,13,Data Analyst,Chennai,1206684
384,42,Male,Master,25,HR,Pune,1765913
385,49,Male,Bachelor,5,Software Engineer,Hyderabad,833774
386,34,Male,Bachelor,22,Manager,Bangalore,1541889
387,48,Male,Bachelor,21,Data Analyst,Hyderabad,1635849
388,25,Male,Master,15,Manager,Chennai,1223071
389,50,Female,Bachelor,24,Software Engineer,Chennai,1748899
390,25,Female,Master,18,Software Engineer,Chennai,1285770
391,32,Female,PhD,13,Tester,Hyderabad,1099321
392,36,Male,PhD,18,Software Engineer,Pune,1415962
393,46,Male,Bachelor,2,Manager,Chennai,621777
394,46,Male,Master,9,HR,Chennai,976250
395,41,Female,PhD,18,HR,Hyderabad,1428034
396,59,Male,Master,8,Tester,Bangalore,985130
397,56,Female,Master,27,Manager,Bangalore,1961931
398,53,Female,Bachelor,19,Manager,Pune,1514346
399,50,Male,PhD,12,Software Engineer,Pune,1102537
400,57,Male,Bachelor,6,Manager,Chennai,919762
401,43,Female,Bachelor,13,Data Analyst,Hyderabad,1130216
402,30,Male,PhD,8,Software Engineer,Chennai,884149
403,25,Female,PhD,26,Data Analyst,Pune,1678009
404,56,Male,Master,27,Tester,Hyderabad,1969904
405,54,Male,PhD,22,HR,Hyderabad,1649327
406,51,Female,Master,24,Tester,Pune,1719209
407,30,Male,Master,27,HR,Bangalore,1798443
408,39,Female,Master,18,Tester,Bangalore,1360029
409,52,Male,PhD,14,Manager,Hyderabad,1277613
410,21,Female,Bachelor,19,Data Analyst,Chennai,1384443
411,25,Female,Master,13,HR,Bangalore,1081997
412,24,Male,Bachelor,23,Software Engineer,Chennai,1582559
413,36,Female,Bachelor,5,Data Analyst,Bangalore,744892
414,44,Male,PhD,20,Software Engineer,Bangalore,1540409
415,36,Male,Bachelor,28,Data Analyst,Chennai,1838635
416,22,Male,Bachelor,3,Data Analyst,Pune,543065
417,48,Female,PhD,7,Tester,Bangalore,873783
418,52,Female,Master,16,HR,Bangalore,1344152
419,47,Male,Bachelor,29,HR,Chennai,1993741
420,40,Male,PhD,8,Data Analyst,Pune,901502
421,44,Female,Bachelor,0,Manager,Bangalore,499092
422,32,Male,Bachelor,23,Manager,Bangalore,1577653
423,55,Male,Master,19,Software Engineer,Pune,1572999
424,53,Female,Bachelor,24,Software Engineer,Bangalore,1814564
425,53,Male,PhD,13,Tester,Pune,1205469
426,57,Female,Bachelor,10,Data Analyst,Pune,1121483
427,32,Male,Master,20,Software Engineer,Chennai,1469754
428,23,Female,Master,2,Software Engineer,Hyderabad,494978
429,21,Male,PhD,8,Data Analyst,Pune,842592
430,53,Male,Master,26,Tester,Chennai,1909543
431,30,Female,Bachelor,13,Software Engineer,Hyderabad,1093169
432,49,Male,Master,29,Tester,Bangalore,1993287
433,33,Female,PhD,8,HR,Hyderabad,869745
434,32,Male,Master,3,Tester,Pune,565543
435,51,Female,Master,26,Manager,Pune,1861392
436,22,Female,Master,3,Manager,Pune,531067
437,55,Female,PhD,27,Tester,Pune,1926033
438,43,Female,Master,7,Manager,Pune,860256
439,37,Male,Master,1,HR,Chennai,575633
440,46,Male,Bachelor,8,Data Analyst,Pune,949345
441,28,Female,PhD,28,Manager,Chennai,1812191
442,49,Female,Master,13,Manager,Bangalore,1231803
443,46,Female,PhD,21,Tester,Pune,1602742
444,30,Male,Master,8,HR,Pune,886593
445,46,Male,Master,23,Data Analyst,Hyderabad,1658992
446,54,Male,Master,22,Tester,Bangalore,1701531
447,27,Male,Bachelor,15,Tester,Pune,1183803
448,24,Female,Bachelor,28,HR,Pune,1833477
449,31,Female,Bachelor,29,Data Analyst,Bangalore,1868210
450,49,Female,PhD,16,HR,Chennai,1378329
451,56,Male,PhD,15,Data Analyst,Pune,1306270
452,45,Male,Bachelor,29,HR,Hyderabad,1987008
453,41,Male,PhD,11,Tester,Pune,1010197
454,56,Female,Master,2,Tester,Hyderabad,637452
455,30,Female,Master,10,Software Engineer,Hyderabad,941486
456,57,Male,Master,13,Manager,Pune,1199859
457,29,Female,Bachelor,17,HR,Pune,1272236
458,44,Male,PhD,20,Software Engineer,Hyderabad,1501899
459,55,Male,Bachelor,20,Manager,Bangalore,1557083
460,55,Female,PhD,4,HR,Bangalore,792708
461,56,Male,Master,15,Data Analyst,Pune,1296663
462,38,Female,Bachelor,19,Manager,Chennai,1483076
463,59,Male,PhD,4,Tester,Bangalore,764053
464,52,Female,PhD,2,Software Engineer,Pune,621085
465,44,Female,Master,11,Manager,Bangalore,1050564
466,43,Female,Bachelor,0,Manager,Chennai,554745
467,52,Male,Bachelor,20,Tester,Pune,1569095
468,57,Male,Bachelor,28,HR,Chennai,2004517
469,32,Female,Master,8,Data Analyst,Pune,831153
470,33,Female,Bachelor,28,Tester,Chennai,1820247
471,43,Male,Master,8,Data Analyst,Bangalore,875553
472,45,Male,Master,3,HR,Bangalore,645811
473,55,Male,Master,2,Manager,Chennai,720381
474,50,Female,PhD,16,Data Analyst,Chennai,1306135
475,37,Male,Bachelor,1,Software Engineer,Chennai,490573
476,40,Male,Bachelor,23,Software Engineer,Pune,1679267
477,45,Female,Master,0,Tester,Bangalore,482189
478,42,Male,Master,7,HR,Pune,890077
479,33,Male,Bachelor,12,Tester,Bangalore,1058646
480,39,Male,Master,22,Tester,Hyderabad,1621623
481,56,Female,Bachelor,14,Tester,Pune,1283687
482,32,Female,PhD,7,Software Engineer,Bangalore,828312
483,39,Female,Master,11,Software Engineer,Bangalore,1022564
484,32,Female,Bachelor,21,Tester,Pune,1488835
485,29,Female,Master,11,Software Engineer,Pune,1006587
486,27,Female,Bachelor,13,HR,Bangalore,1042697
487,48,Female,Bachelor,14,Tester,Pune,1270165
488,34,Male,Master,14,Software Engineer,Chennai,1193922
489,51,Male,PhD,8,Data Analyst,Pune,922046
490,39,Female,Bachelor,18,Tester,Pune,1402823
491,36,Male,Bachelor,25,Tester,Pune,1753580
492,25,Male,Bachelor,19,HR,Bangalore,1378370
493,55,Female,PhD,28,Manager,Chennai,1934615
494,32,Male,PhD,21,Manager,Hyderabad,1465060
495,45,Male,Master,7,HR,Hyderabad,901436
496,41,Male,PhD,20,HR,Chennai,1515519
497,56,Male,Master,18,HR,Chennai,1501117
498,43,Male,Master,5,Manager,Chennai,776158
499,36,Female,PhD,19,HR,Bangalore,1414782
500,59,Female,Master,24,Software Engineer,Hyderabad,1830709
501,59,Female,PhD,28,Tester,Chennai,2023533
502,34,Male,Master,18,Tester,Bangalore,1378255
503,51,Female,PhD,3,Data Analyst,Hyderabad,727684
504,25,Male,PhD,22,Data Analyst,Pune,1531918
505,55,Male,Master,6,Tester,Bangalore,909284
506,43,Male,Bachelor,27,Software Engineer,Hyderabad,1894558
507,49,Male,Master,27,Manager,Bangalore,1930549
508,31,Female,PhD,3,Manager,Hyderabad,636422
509,38,Female,Bachelor,21,Software Engineer,Hyderabad,1515256
510,32,Male,Master,11,Manager,Pune,990005
511,29,Female,Master,12,HR,Bangalore,1001638
512,30,Male,Master,2,Tester,Chennai,537419
513,37,Female,Bachelor,21,Tester,Pune,1518377
514,58,Female,PhD,11,Software Engineer,Pune,1133116
515,27,Male,Master,1,Manager,Hyderabad,471634
516,33,Female,Master,23,Data Analyst,Chennai,1647291
517,29,Male,Master,1,Data Analyst,Bangalore,468382
518,47,Female,Master,26,Manager,Chennai,1841063
519,22,Male,Master,22,Data Analyst,Chennai,1482394
520,25,Male,PhD,8,Software Engineer,Chennai,842789
521,49,Female,PhD,0,Software Engineer,Chennai,495864
522,57,Female,Master,7,Manager,Chennai,984572
523,58,Male,Bachelor,22,Data Analyst,Hyderabad,1680222
524,39,Female,PhD,5,Software Engineer,Hyderabad,708666
525,28,Female,Bachelor,5,Software Engineer,Pune,660955
526,21,Male,PhD,21,HR,Hyderabad,1486845
527,42,Male,Master,24,HR,Pune,1729590
528,37,Female,PhD,17,Software Engineer,Pune,1351471
529,27,Male,Master,16,Manager,Bangalore,1273314
530,45,Male,PhD,28,Tester,Chennai,1918298
531,24,Male,Master,11,Tester,Hyderabad,983108
532,56,Female,Master,5,Software Engineer,Bangalore,828924
533,26,Female,Master,25,Software Engineer,Hyderabad,1646709
534,51,Male,Master,26,Software Engineer,Pune,1814726
535,39,Female,Bachelor,7,Manager,Hyderabad,855824
536,59,Male,Master,18,HR,Chennai,1485542
537,47,Female,Bachelor,27,Software Engineer,Pune,1855245
538,30,Male,Bachelor,9,Software Engineer,Pune,884753
539,46,Male,Master,0,Data Analyst,Bangalore,559788
540,39,Female,Bachelor,24,Manager,Chennai,1666316
541,59,Male,PhD,28,Software Engineer,Pune,2029698
542,23,Female,Master,12,Data Analyst,Chennai,980960
543,33,Female,Bachelor,16,Tester,Hyderabad,1245791
544,48,Male,Master,2,Software Engineer,Chennai,615216
545,40,Male,Master,7,Software Engineer,Pune,832467
546,48,Female,Master,13,Data Analyst,Bangalore,1204427
547,28,Male,Bachelor,2,Manager,Pune,552047
548,59,Male,PhD,15,Software Engineer,Chennai,1368290
549,21,Male,PhD,12,Tester,Chennai,1002014
550,23,Male,Bachelor,19,Software Engineer,Pune,1319078
551,33,Male,Master,23,Tester,Chennai,1643389
552,48,Female,Bachelor,16,HR,Hyderabad,1340519
553,45,Female,Bachelor,12,HR,Pune,1079042
554,53,Male,Bachelor,28,Tester,Bangalore,1964052
555,58,Male,Master,5,Manager,Pune,804389
556,26,Male,Bachelor,16,Software Engineer,Hyderabad,1275961
557,52,Female,Master,13,Software Engineer,Hyderabad,1228111
558,41,Male,Bachelor,16,HR,Hyderabad,1348715
559,36,Female,PhD,29,Tester,Hyderabad,1930733
560,41,Female,Bachelor,7,Software Engineer,Hyderabad,839754
561,31,Female,Bachelor,10,Software Engineer,Bangalore,923624
562,57,Male,PhD,19,Manager,Chennai,1570886
563,56,Female,Master,27,Data Analyst,Hyderabad,1906681
564,55,Male,Master,0,HR,Hyderabad,614524
565,39,Female,Bachelor,25,HR,Pune,1776006
566,40,Male,PhD,6,Data Analyst,Bangalore,774704
567,38,Female,Master,20,Software Engineer,Bangalore,1534913
568,34,Male,Bachelor,20,Manager,Chennai,1514108
569,35,Female,PhD,16,Manager,Bangalore,1232493
570,51,Male,Master,29,HR,Pune,2024639
571,21,Male,Master,9,Manager,Pune,859383
572,23,Male,PhD,10,Data Analyst,Chennai,867994
573,36,Male,PhD,21,Software Engineer,Pune,1549280
574,43,Female,PhD,29,Data Analyst,Hyderabad,1962234
575,31,Female,PhD,8,Tester,Hyderabad,852291
576,32,Male,Bachelor,8,HR,Pune,902868
577,30,Female,PhD,23,Manager,Chennai,1555594
578,52,Male,Master,4,Tester,Bangalore,717371
579,36,Male,Master,16,Manager,Chennai,1277315
580,28,Female,Bachelor,8,Software Engineer,Bangalore,873564
581,58,Male,Master,16,Software Engineer,Pune,1419526
582,32,Male,Master,23,Software Engineer,Pune,1576626
583,44,Female,PhD,20,Manager,Hyderabad,1556005
584,48,Male,Master,18,Tester,Bangalore,1397130
585,28,Male,Bachelor,26,Software Engineer,Chennai,1696828
586,48,Male,PhD,6,Tester,Pune,847514
587,56,Male,PhD,22,Manager,Chennai,1682664
588,46,Female,Bachelor,8,Tester,Hyderabad,897883
589,28,Female,PhD,6,Manager,Bangalore,733059
590,48,Female,PhD,12,Manager,Bangalore,1174078
591,48,Male,Bachelor,10,HR,Pune,1032932
592,57,Male,PhD,13,Manager,Bangalore,1246269
593,56,Female,Bachelor,18,Manager,Pune,1505986
594,47,Male,Bachelor,10,Data Analyst,Hyderabad,1070959
595,37,Male,Master,12,Software Engineer,Bangalore,1037035
596,29,Male,Master,13,HR,Pune,1085745
597,53,Male,PhD,12,HR,Chennai,1132241
598,40,Female,PhD,0,HR,Pune,502975
599,33,Female,Bachelor,7,Data Analyst,Bangalore,788154
600,48,Female,PhD,11,Manager,Hyderabad,1065625
601,49,Male,Bachelor,18,Software Engineer,Bangalore,1439950
602,33,Female,Bachelor,11,Tester,Bangalore,1063602
603,55,Female,PhD,7,Manager,Pune,931396
604,26,Male,Bachelor,7,Data Analyst,Chennai,829227
605,38,Male,Master,28,Manager,Bangalore,1853331
606,25,Female,PhD,20,Manager,Chennai,1438927
607,45,Female,Master,12,Data Analyst,Pune,1161226
608,22,Female,PhD,11,HR,Chennai,994719
609,30,Female,Bachelor,28,HR,Pune,1863014
610,50,Male,PhD,15,Software Engineer,Hyderabad,1289346
611,25,Female,Master,0,Software Engineer,Chennai,445411
612,53,Female,Bachelor,12,HR,Chennai,1169478
613,21,Male,PhD,25,Tester,Hyderabad,1617254
614,38,Female,PhD,6,Manager,Chennai,795734
615,52,Male,PhD,27,Tester,Hyderabad,1888621
616,31,Male,Master,25,Manager,Bangalore,1731441
617,41,Male,Master,4,HR,Pune,701121
618,46,Female,PhD,7,Software Engineer,Hyderabad,911418
619,45,Female,Bachelor,24,Software Engineer,Chennai,1735197
620,42,Male,Bachelor,26,Tester,Hyderabad,1844577
621,47,Female,Master,13,Software Engineer,Chennai,1229634
622,33,Female,Bachelor,22,HR,Bangalore,1557431
623,53,Male,Master,29,Tester,Hyderabad,2064245
624,54,Male,PhD,12,Manager,Bangalore,1124837
625,55,Female,Master,14,Software Engineer,Pune,1315025
626,21,Male,Master,22,Data Analyst,Chennai,1538163
627,41,Female,PhD,16,Software Engineer,Chennai,1326232
628,26,Female,Bachelor,14,Manager,Bangalore,1128994
629,48,Female,Master,19,Tester,Pune,1519079
630,37,Female,Master,17,Manager,Hyderabad,1297615
631,25,Male,PhD,17,Data Analyst,Hyderabad,1226466
632,51,Male,Bachelor,1,HR,Chennai,585771
633,25,Male,Master,3,Software Engineer,Bangalore,608886
634,58,Male,PhD,29,Tester,Bangalore,2055911
635,23,Female,Master,0,HR,Hyderabad,463566
636,43,Female,PhD,3,Manager,Pune,635746
637,57,Male,Bachelor,17,Tester,Pune,1473422
638,57,Female,Bachelor,4,HR,Hyderabad,795739
639,30,Female,Bachelor,18,Tester,Hyderabad,1398187
640,30,Female,Bachelor,14,Data Analyst,Bangalore,1173369
641,39,Male,Master,27,Data Analyst,Pune,1796893
642,37,Male,Master,7,Software Engineer,Hyderabad,815573
643,41,Male,Bachelor,19,Software Engineer,Hyderabad,1501907
644,34,Female,Bachelor,16,Data Analyst,Chennai,1260874
645,29,Male,Bachelor,0,Tester,Hyderabad,472362
646,21,Male,Master,11,Data Analyst,Hyderabad,1004956
647,33,Male,Bachelor,25,Software Engineer,Pune,1752460
648,24,Male,Bachelor,18,Data Analyst,Bangalore,1303367
649,21,Male,Bachelor,14,Data Analyst,Pune,1076199
650,52,Male,PhD,8,Tester,Bangalore,1001404
651,54,Female,Bachelor,6,HR,Chennai,894328
652,48,Female,PhD,1,Software Engineer,Hyderabad,597724
653,51,Male,PhD,28,Tester,Chennai,1991133
654,28,Male,Bachelor,8,Data Analyst,Bangalore,826405
655,59,Female,PhD,9,Data Analyst,Pune,1093232
656,46,Female,Bachelor,1,HR,Pune,545989
657,54,Male,Master,18,Software Engineer,Chennai,1448931
658,23,Male,Master,10,Software Engineer,Bangalore,874290
659,32,Male,Master,12,Manager,Chennai,1048367
660,21,Male,Master,9,Software Engineer,Chennai,884878
661,25,Female,PhD,13,HR,Hyderabad,1115477
662,50,Male,Bachelor,17,Manager,Chennai,1429481
663,50,Male,Bachelor,18,Manager,Hyderabad,1476298
664,37,Male,Bachelor,21,Data Analyst,Hyderabad,1515133
665,43,Male,Master,8,Data Analyst,Pune,892052
666,35,Female,Master,24,Software Engineer,Hyderabad,1710489
667,57,Female,Bachelor,6,Manager,Hyderabad,875475
668,41,Female,Master,27,Data Analyst,Pune,1887666
669,34,Male,Bachelor,2,HR,Chennai,616622
670,22,Male,Bachelor,19,Data Analyst,Bangalore,1367656
671,31,Female,Bachelor,5,Data Analyst,Bangalore,659633
672,59,Male,Bachelor,26,Manager,Bangalore,1862304
673,58,Male,Bachelor,20,Manager,Chennai,1637820
674,54,Female,Bachelor,1,Tester,Hyderabad,616546
675,58,Female,Bachelor,28,HR,Bangalore,1947008
676,54,Female,Master,5,Manager,Chennai,818291
677,38,Female,Bachelor,2,Software Engineer,Hyderabad,567405
678,50,Male,Bachelor,15,HR,Pune,1286386
679,35,Male,Master,29,HR,Bangalore,1965909
680,47,Female,Master,7,Manager,Hyderabad,855827
681,54,Male,Master,1,HR,Bangalore,603040
682,58,Female,Bachelor,16,Manager,Bangalore,1400354
683,53,Female,PhD,8,Data Analyst,Bangalore,993543
684,44,Male,PhD,29,Tester,Hyderabad,1938157
685,35,Female,Master,11,Data Analyst,Chennai,1072693
686,50,Male,PhD,2,Manager,Hyderabad,635315
687,37,Male,Master,10,Manager,Bangalore,970932
688,25,Male,Bachelor,0,Data Analyst,Hyderabad,396164
689,49,Male,PhD,22,Software Engineer,Pune,1609414
690,24,Female,Bachelor,12,Software Engineer,Chennai,984327
691,30,Male,PhD,14,Software Engineer,Hyderabad,1100946
692,37,Female,Bachelor,25,Manager,Pune,1699693
693,30,Female,PhD,4,HR,Chennai,627241
694,37,Female,Bachelor,20,Manager,Pune,1530790
695,40,Female,Bachelor,29,HR,Chennai,1915540
696,44,Male,PhD,16,Data Analyst,Hyderabad,1342255
697,25,Male,Bachelor,24,Tester,Pune,1639757
698,54,Female,Bachelor,22,HR,Bangalore,1661203
699,26,Female,Bachelor,23,Software Engineer,Pune,1555081
700,22,Male,PhD,24,Manager,Chennai,1621861
701,33,Female,PhD,5,Data Analyst,Hyderabad,676350
702,31,Male,Bachelor,27,Software Engineer,Chennai,1810512
703,43,Female,Bachelor,20,Data Analyst,Pune,1521809
704,36,Male,PhD,21,Tester,Pune,1577557
705,51,Female,PhD,10,Manager,Bangalore,1047832
706,31,Female,Bachelor,17,Manager,Hyderabad,1283369
707,36,Male,Bachelor,3,Tester,Hyderabad,611728
708,28,Female,Bachelor,2,Manager,Pune,507576
709,24,Female,Master,12,HR,Hyderabad,999001
710,24,Male,PhD,22,Data Analyst,Bangalore,1553384
711,45,Female,Master,8,Software Engineer,Chennai,875390
712,23,Male,PhD,20,Tester,Hyderabad,1452535
713,52,Male,PhD,5,HR,Pune,805436
714,23,Female,PhD,25,Software Engineer,Chennai,1626569
715,47,Female,PhD,29,Software Engineer,Chennai,1948029
716,49,Female,PhD,27,Tester,Bangalore,1867490
717,52,Female,PhD,11,HR,Pune,1105875
718,39,Female,PhD,1,Software Engineer,Hyderabad,500867
719,41,Female,Master,2,Software Engineer,Pune,635820
720,25,Female,Bachelor,2,HR,Chennai,574515
721,38,Male,Bachelor,27,Manager,Pune,1799121
722,48,Female,Master,11,Software Engineer,Hyderabad,1041539
723,42,Male,Master,14,Data Analyst,Hyderabad,1251024
724,41,Female,Master,8,HR,Bangalore,872027
725,26,Female,Master,22,Software Engineer,Hyderabad,1554229
726,21,Male,PhD,7,Tester,Hyderabad,713921
727,25,Female,Bachelor,10,Data Analyst,Pune,925435
728,32,Female,PhD,15,Software Engineer,Pune,1170310
729,46,Male,Bachelor,25,Data Analyst,Chennai,1793965
730,54,Female,Bachelor,26,Data Analyst,Bangalore,1916444
731,34,Female,Master,24,Manager,Pune,1689922
732,46,Female,PhD,21,Data Analyst,Hyderabad,1627799
733,47,Male,Master,3,Manager,Chennai,728948
734,29,Female,PhD,27,HR,Pune,1827839
735,46,Female,Bachelor,0,Manager,Bangalore,492242
736,42,Female,Master,23,Tester,Bangalore,1618947
737,50,Female,Master,6,Software Engineer,Chennai,871466
738,37,Male,Bachelor,1,HR,Chennai,546816
739,46,Male,Bachelor,23,HR,Chennai,1678785
740,56,Female,Bachelor,27,Tester,Chennai,1880507
741,21,Female,Master,4,Manager,Chennai,621972
742,28,Male,PhD,6,Software Engineer,Hyderabad,717151
743,55,Male,Master,3,Manager,Hyderabad,686618
744,35,Female,PhD,4,Data Analyst,Pune,699286
745,42,Male,Master,23,Manager,Bangalore,1626122
746,34,Female,Master,0,HR,Hyderabad,427354
747,46,Male,Bachelor,0,Software Engineer,Hyderabad,510979
748,48,Male,PhD,14,Manager,Hyderabad,1276436
749,43,Male,Master,19,Software Engineer,Pune,1494376
750,34,Male,Master,18,Software Engineer,Chennai,1372774
751,44,Female,Bachelor,28,Data Analyst,Pune,1875037
752,22,Male,Bachelor,9,Data Analyst,Bangalore,838633
753,46,Male,PhD,27,HR,Bangalore,1854495
754,34,Female,Master,17,Tester,Bangalore,1334550
755,27,Male,PhD,27,Software Engineer,Bangalore,1816384
756,23,Male,Master,2,Tester,Hyderabad,501483
757,43,Female,PhD,10,HR,Hyderabad,1038373
758,38,Male,Bachelor,14,Software Engineer,Pune,1174069
759,58,Female,Master,26,Software Engineer,Chennai,1847370
760,55,Female,PhD,29,Tester,Bangalore,2046947
761,35,Female,Bachelor,10,Manager,Pune,964133
762,45,Female,Bachelor,16,Data Analyst,Hyderabad,1371035
763,57,Male,PhD,16,Manager,Hyderabad,1430761
764,48,Female,Master,5,Tester,Chennai,740692
765,30,Male,Master,4,Data Analyst,Chennai,628926
766,59,Male,Bachelor,7,Manager,Chennai,994782
767,37,Male,Master,1,Data Analyst,Pune,558984
768,59,Male,Master,15,Software Engineer,Hyderabad,1338390
769,42,Male,Master,19,Manager,Hyderabad,1459593
770,46,Male,Bachelor,23,Data Analyst,Chennai,1705609
771,45,Male,PhD,11,Data Analyst,Bangalore,1030209
772,37,Male,Master,5,Data Analyst,Chennai,691533
773,33,Male,Bachelor,0,Manager,Pune,501597
774,40,Male,Bachelor,3,HR,Chennai,607211
775,45,Female,PhD,16,Manager,Chennai,1284927
776,24,Female,Master,12,Tester,Pune,1047463
777,30,Female,Master,17,Manager,Chennai,1274594
778,23,Male,PhD,4,Data Analyst,Hyderabad,639852
779,38,Female,PhD,29,Software Engineer,Bangalore,1967713
780,56,Female,Bachelor,23,Manager,Chennai,1756382
781,42,Female,Bachelor,23,Manager,Pune,1617933
782,54,Male,PhD,26,Data Analyst,Bangalore,1860696
783,28,Male,Master,2,Software Engineer,Pune,555449
784,39,Male,Bachelor,10,Software Engineer,Bangalore,1012616
785,57,Male,Bachelor,12,Tester,Bangalore,1141089
786,26,Female,Master,3,Manager,Chennai,586548
787,46,Female,Bachelor,25,Software Engineer,Hyderabad,1756123
788,54,Female,Master,26,Software Engineer,Chennai,1827797
789,26,Female,Master,13,HR,Pune,1080013
790,57,Male,Master,21,HR,Pune,1593346
791,53,Male,PhD,10,Software Engineer,Bangalore,1100414
792,42,Male,PhD,26,Tester,Bangalore,1793672
793,41,Female,PhD,9,Software Engineer,Hyderabad,922653
794,26,Male,Master,18,Data Analyst,Chennai,1329556
795,26,Male,Master,17,Manager,Pune,1256140
796,24,Female,PhD,5,Tester,Bangalore,621184
797,50,Female,Bachelor,26,Data Analyst,Hyderabad,1834493
798,31,Male,Master,28,Tester,Pune,1849148
799,50,Male,Bachelor,14,Data Analyst,Bangalore,1224846
800,51,Male,Bachelor,20,Manager,Pune,1527195
801,44,Male,Master,29,Manager,Hyderabad,1925606
802,29,Male,Master,9,HR,Hyderabad,848956
803,23,Male,Bachelor,4,Data Analyst,Pune,581555
804,51,Female,Bachelor,25,HR,Chennai,1845385
805,57,Female,PhD,28,Data Analyst,Pune,1953690
806,56,Female,PhD,4,HR,Bangalore,788502
807,44,Male,Master,9,Manager,Chennai,968849
808,51,Female,PhD,27,Tester,Bangalore,1881347
809,26,Male,PhD,4,HR,Pune,678725
810,22,Male,PhD,2,Data Analyst,Chennai,551321
811,40,Female,PhD,22,Data Analyst,Bangalore,1599056
812,48,Male,Bachelor,5,Manager,Pune,803851
813,31,Male,Master,3,Data Analyst,Pune,653234
814,24,Female,PhD,17,Software Engineer,Chennai,1301502
815,35,Female,Bachelor,27,Tester,Pune,1871633
816,26,Female,Bachelor,8,HR,Hyderabad,861418
817,50,Male,Bachelor,16,Tester,Bangalore,1370211
818,58,Female,PhD,28,Manager,Bangalore,1981850
819,22,Female,PhD,12,HR,Pune,1038545
820,35,Male,Master,26,HR,Pune,1752843
821,31,Female,PhD,14,Software Engineer,Hyderabad,1167320
822,28,Female,PhD,29,Manager,Chennai,1869793
823,46,Female,Bachelor,19,Data Analyst,Pune,1469516
824,25,Male,Master,16,Software Engineer,Pune,1192857
825,26,Male,PhD,12,Software Engineer,Pune,999627
826,46,Male,PhD,15,Tester,Pune,1291822
827,24,Male,Bachelor,21,Tester,Bangalore,1504101
828,39,Female,Bachelor,3,Tester,Pune,686561
829,40,Male,PhD,4,Software Engineer,Bangalore,702248
830,53,Male,Master,4,Data Analyst,Pune,770798
831,40,Female,Master,8,HR,Chennai,943368
832,32,Female,Bachelor,16,Tester,Hyderabad,1254116
833,21,Female,Bachelor,12,Data Analyst,Chennai,1030318
834,46,Male,PhD,1,Manager,Pune,617902
835,34,Male,Bachelor,12,Tester,Pune,1048557
836,58,Male,PhD,21,HR,Pune,1661334
837,57,Female,Master,20,Manager,Chennai,1610163
838,31,Female,Master,26,Manager,Pune,1783002
839,56,Male,PhD,22,HR,Chennai,1672614
840,33,Female,Bachelor,18,Tester,Bangalore,1327720
841,23,Female,Master,2,Software Engineer,Hyderabad,522608
842,53,Female,Bachelor,9,HR,Hyderabad,1037095
843,26,Male,Master,1,HR,Chennai,514694
844,30,Female,PhD,12,HR,Bangalore,1096452
845,25,Female,PhD,18,Manager,Chennai,1362593
846,43,Male,PhD,25,Data Analyst,Bangalore,1750892
847,30,Male,Master,16,Software Engineer,Pune,1277242
848,22,Female,Bachelor,20,Tester,Bangalore,1437606
849,33,Female,Bachelor,13,Tester,Bangalore,1065924
850,22,Male,Bachelor,11,Data Analyst,Bangalore,961322
851,40,Male,Master,20,HR,Hyderabad,1476478
852,21,Female,Master,11,Software Engineer,Bangalore,976042
853,57,Female,Master,10,Tester,Pune,1081418
854,29,Female,Master,6,Tester,Pune,757217
855,37,Female,Master,3,HR,Pune,675140
856,29,Male,Bachelor,18,Data Analyst,Bangalore,1375846
857,31,Female,Master,0,Software Engineer,Chennai,478762
858,35,Female,Master,27,Data Analyst,Chennai,1786781
859,44,Male,Bachelor,23,Data Analyst,Pune,1625515
860,58,Female,Master,28,Software Engineer,Hyderabad,1976133
861,55,Male,Bachelor,2,Software Engineer,Chennai,707508
862,50,Female,Bachelor,12,Tester,Bangalore,1197628
863,51,Female,PhD,14,Tester,Chennai,1281946
864,25,Male,PhD,1,Software Engineer,Pune,510058
865,34,Male,PhD,10,Manager,Hyderabad,929095
866,31,Female,PhD,3,Tester,Chennai,643583
867,29,Female,Master,18,Manager,Chennai,1315470
868,54,Female,PhD,28,Software Engineer,Pune,1963129
869,32,Male,Bachelor,16,Tester,Hyderabad,1218531
870,55,Female,Master,2,Data Analyst,Hyderabad,662038
871,55,Male,PhD,27,Software Engineer,Pune,1962939
872,21,Male,Bachelor,17,HR,Bangalore,1247674
873,42,Female,Master,7,Manager,Chennai,904658
874,49,Male,Master,21,Software Engineer,Bangalore,1627476
875,28,Female,PhD,24,Software Engineer,Chennai,1619831
876,31,Female,Master,23,Tester,Chennai,1612174
877,57,Female,Bachelor,25,Tester,Bangalore,1796279
878,34,Female,Master,18,Tester,Pune,1358220
879,50,Female,Bachelor,4,HR,Pune,760610
880,55,Male,Master,6,Tester,Chennai,877719
881,41,Male,PhD,20,Software Engineer,Pune,1508051
882,57,Female,Bachelor,7,Tester,Chennai,957013
883,25,Female,Master,27,Data Analyst,Pune,1781652
884,39,Male,Master,4,Tester,Chennai,710524
885,34,Male,Master,16,HR,Pune,1302936
886,46,Male,Bachelor,4,Data Analyst,Hyderabad,686470
887,24,Male,Bachelor,3,Software Engineer,Bangalore,587598
888,45,Female,Bachelor,21,Software Engineer,Hyderabad,1566798
889,45,Female,PhD,18,Manager,Bangalore,1428473
890,38,Male,PhD,26,Data Analyst,Bangalore,1759880
891,28,Female,Bachelor,20,Manager,Chennai,1434439
892,59,Male,Master,1,Data Analyst,Bangalore,609308
893,34,Female,PhD,10,Data Analyst,Hyderabad,1011563
894,52,Male,Bachelor,21,HR,Hyderabad,1656256
895,58,Female,Master,12,Manager,Pune,1175081
896,53,Male,PhD,14,HR,Hyderabad,1290242
897,43,Male,Master,11,Data Analyst,Pune,1065383
898,35,Female,Master,21,Software Engineer,Bangalore,1484837
899,53,Male,Master,20,Data Analyst,Hyderabad,1567151
900,45,Female,Master,21,HR,Bangalore,1561824
901,37,Female,PhD,10,Manager,Hyderabad,968073
902,53,Male,PhD,6,Manager,Hyderabad,912624
903,22,Female,PhD,27,HR,Pune,1803648
904,34,Female,Bachelor,4,Manager,Bangalore,646299
905,59,Female,PhD,16,Tester,Hyderabad,1444993
906,26,Female,Master,23,Software Engineer,Chennai,1588861
907,26,Female,PhD,19,Software Engineer,Bangalore,1360063
908,23,Male,Master,8,Software Engineer,Bangalore,834453
909,27,Female,Bachelor,13,Manager,Bangalore,1103472
910,28,Female,Master,25,Manager,Pune,1654506
911,35,Female,Master,11,Data Analyst,Chennai,1069341
912,49,Female,Master,5,Data Analyst,Bangalore,824854
913,53,Female,Bachelor,16,Software Engineer,Hyderabad,1341026
914,50,Male,PhD,18,Tester,Hyderabad,1427672
915,59,Female,PhD,18,Data Analyst,Pune,1483417
916,47,Male,Bachelor,25,Data Analyst,Hyderabad,1787413
917,56,Male,Master,15,Manager,Bangalore,1345066
918,49,Male,PhD,11,Tester,Hyderabad,1104213
919,58,Male,Bachelor,11,Software Engineer,Bangalore,1140971
920,53,Female,PhD,19,Data Analyst,Hyderabad,1492281
921,57,Male,Bachelor,5,Tester,Chennai,813091
922,47,Male,Master,22,Tester,Pune,1635494
923,53,Female,PhD,25,Software Engineer,Pune,1783610
924,24,Female,Bachelor,3,Tester,Chennai,521079
925,42,Female,PhD,5,Tester,Chennai,805386
926,22,Male,PhD,10,Tester,Pune,906751
927,30,Female,PhD,0,Data Analyst,Chennai,486126
928,25,Female,PhD,29,Software Engineer,Bangalore,1880432
929,30,Male,Bachelor,23,Tester,Hyderabad,1580951
930,53,Female,Master,22,Tester,Pune,1695863
931,58,Female,Bachelor,14,Data Analyst,Chennai,1318291
932,33,Female,Bachelor,26,Software Engineer,Bangalore,1774872
933,51,Female,Bachelor,10,Manager,Pune,1012235
934,56,Male,Master,24,Data Analyst,Chennai,1812733
935,44,Female,PhD,18,Software Engineer,Pune,1432712
936,35,Female,PhD,17,Tester,Chennai,1296473
937,49,Male,PhD,16,Software Engineer,Pune,1362567
938,28,Female,Master,18,Software Engineer,Bangalore,1369823
939,25,Male,PhD,20,Software Engineer,Bangalore,1407230
940,49,Female,Master,13,Manager,Hyderabad,1229573
941,24,Male,PhD,26,Software Engineer,Pune,1762588
942,32,Male,PhD,17,Manager,Hyderabad,1328876
943,22,Male,Bachelor,27,Tester,Pune,1750644
944,47,Male,Master,18,Manager,Chennai,1433664
945,51,Female,Bachelor,14,Tester,Chennai,1250203
946,56,Male,Bachelor,14,Tester,Hyderabad,1296677
947,56,Female,Bachelor,3,Manager,Pune,705425
948,46,Male,Master,6,Data Analyst,Hyderabad,864817
949,47,Male,Master,12,HR,Bangalore,1170961
950,25,Male,PhD,2,Software Engineer,Hyderabad,572649
951,40,Female,Bachelor,15,HR,Hyderabad,1269806
952,31,Male,PhD,8,Software Engineer,Chennai,847814
953,30,Female,Bachelor,7,Software Engineer,Hyderabad,820219
954,58,Female,Master,19,Tester,Pune,1539646
955,26,Female,Master,12,Software Engineer,Chennai,1019884
956,28,Female,Master,16,Software Engineer,Hyderabad,1285345
957,43,Female,Bachelor,16,Manager,Bangalore,1334322
958,46,Female,Master,16,HR,Hyderabad,1301650
959,32,Female,Bachelor,0,Manager,Hyderabad,504242
960,46,Female,PhD,7,Software Engineer,Hyderabad,839190
961,33,Female,Bachelor,18,Tester,Chennai,1353196
962,38,Male,PhD,5,Manager,Pune,729449
963,45,Male,Bachelor,2,Manager,Bangalore,614661
964,53,Male,PhD,26,Data Analyst,Hyderabad,1844709
965,32,Male,Master,4,Software Engineer,Pune,690428
966,56,Male,PhD,12,Tester,Pune,1205179
967,24,Female,Master,14,Manager,Chennai,1079943
968,25,Female,Master,13,Manager,Bangalore,1068240
969,57,Female,PhD,28,Tester,Chennai,1980760
970,28,Female,Bachelor,22,Software Engineer,Pune,1511042
971,48,Female,Bachelor,15,Data Analyst,Pune,1283894
972,51,Female,Bachelor,17,Manager,Pune,1361869
973,29,Female,Bachelor,21,Data Analyst,Chennai,1506078
974,49,Male,Bachelor,28,HR,Bangalore,1951759
975,34,Male,Master,21,Software Engineer,Hyderabad,1514306
976,42,Male,Bachelor,10,HR,Chennai,1015371
977,31,Male,Master,2,HR,Pune,525918
978,43,Female,Master,21,HR,Chennai,1543379
979,21,Female,Master,9,Software Engineer,Pune,895810
980,57,Female,PhD,9,Software Engineer,Hyderabad,1068232
981,41,Male,PhD,29,Tester,Hyderabad,1907962
982,46,Female,Master,20,Data Analyst,Bangalore,1493851
983,56,Female,PhD,15,Data Analyst,Pune,1325747
984,43,Female,Bachelor,11,Tester,Bangalore,1067349
985,21,Male,Bachelor,1,Tester,Bangalore,475832
986,35,Female,Master,8,HR,Hyderabad,881356
987,41,Male,Bachelor,23,Tester,Chennai,1619745
988,29,Male,Master,2,Manager,Chennai,500730
989,29,Male,Master,23,Data Analyst,Bangalore,1558921
990,30,Male,Bachelor,29,Tester,Hyderabad,1948430
991,46,Female,PhD,24,Manager,Pune,1751138
992,55,Male,Bachelor,29,Manager,Chennai,2058111
993,45,Male,Bachelor,14,Manager,Bangalore,1194023
994,46,Female,Master,2,Manager,Chennai,625349
995,31,Female,Master,18,HR,Chennai,1386533
996,58,Male,Master,17,Manager,Pune,1473286
997,22,Female,Master,7,HR,Hyderabad,751979
998,27,Male,PhD,25,HR,Pune,1657837
999,38,Male,PhD,16,Manager,Hyderabad,1254997
1000,47,Male,PhD,7,Data Analyst,Chennai,923603
